<?xml version="1.0" encoding="ISO-8859-1"?><!DOCTYPE metadata SYSTEM "http://www.fgdc.gov/metadata/fgdc-std-001-1998.dtd"><metadata><idinfo><citation><citeinfo><origin>U.S. Geological Survey (USGS)</origin><pubdate>2009</pubdate><pubtime>As Updated.</pubtime><title>1/3-Arc Second National Elevation Dataset</title><geoform>SDE raster digital data</geoform><serinfo><sername>National Elevation Data (NED)</sername><issue>0.1</issue></serinfo><pubinfo><pubplace>Sioux Falls, SD</pubplace><publish>U.S. Geological Survey</publish></pubinfo><onlink>http://nationalmap.gov</onlink><onlink>http://seamless.usgs.gov</onlink></citeinfo></citation><descript><abstract>The National Elevation Dataset (NED) is the primary elevation data product produced and distributed by the USGS. The NED provides the best available public domain raster elevation data of the conterminous United States, Alaska, Hawaii, and territorial islands in a seamless format.  The NED is derived from diverse source data, processed to a common coordinate system and unit of vertical measure.  All NED data are distributed in geographic coordinates in units of decimal degrees, and in conformance with the North American Datum of 1983 (NAD 83).  All elevation values are provided in units of meters, and are referenced to the North American Vertical Datum of 1988 (NAVD 88) over the conterminous United States.  The vertical reference will vary in other areas.  NED data are available nationally at resolutions of 1 arc-second (approx. 30 meters) and 1/3 arc-second (approx. 10 meters), and in limited areas at 1/9 arc-second (approx. 3 meters).  At present, the bulk of Alaska is only available at a 2 arc-second (approx. 60 meters) resolution, owing to a lack of higher resolution source data, though some areas are available at resolutions of 1 and 1/3 arc-second with plans for significant upgrades of the state over the next five years.  The NED is updated on a nominal two month cycle to integrate newly available, improved elevation source data.</abstract><purpose>The NED serves as the elevation layer of The National Map, and provides basic elevation information for earth science studies and mapping applications in the United States.  The data are utilized by the scientific and resource management communities for global change research, hydrologic modeling, resource monitoring, mapping and visualization applications.</purpose><supplinf>The data obtained through The National Map Seamless Server is considered to be the "best available" data from the USGS.  The range of dates for the NED 1-arc second data cover the inception date of the dataset to the date of the most recent update.  Historical data and other data may be obtained by contacting Customer Service, Earth Resources Observation &amp; Science (EROS) Center at 1-800-252-4547.      QUADNAME: block_island_RI      RESOLUTION: 30      ULLAT: 41.125      ULLON: 71.625      LRLAT: 41.25      LRLON: 71.5      HDATUM: 27      ZMIN: 0      ZMAX: 66.72000122      ZMEAN: 3.61154008      ZSIGMA: 10.34239197      PMETHOD: 2      QUADDATE: 19990712</supplinf></descript><timeperd><timeinfo><rngdates><begdate>19990201</begdate><enddate>20090201</enddate></rngdates></timeinfo><current>ground condition</current></timeperd><status><progress>In work</progress><update>Quarterly</update></status><spdom><bounding><westbc>-71.6202777775389</westbc><eastbc>-71.5331481479089</eastbc><northbc>41.2378703703275</northbc><southbc>41.1414814814381</southbc></bounding></spdom><keywords><theme><themekt>National Elevation Dataset</themekt><themekey>NED</themekey><themekey>National Elevation Dataset</themekey><themekey>elevation</themekey><themekey>grid</themekey><themekey>LiDAR</themekey><themekey>Lidar</themekey><themekey>LIDAR</themekey><themekey>Light Detection And Ranging</themekey><themekey>high-resolution</themekey><themekey>topography</themekey><themekey>USGS</themekey><themekey>U.S. Geological Survey</themekey><themekey>DEM</themekey><themekey>Digital elevation model</themekey><themekey>Elevation</themekey><themekey>Digital terrain model</themekey><themekey>Surface Model</themekey><themekey>Hydrologic</themekey><themekey>Hydrologic Modeling</themekey><themekey>Drainage Area</themekey><themekey>Hydrology</themekey></theme><theme><themekt>American Society of Photogrammetry and RemoteSensing</themekt><themekey>National Standards for Spatial Digital Accuracy (NSSDA)</themekey></theme><theme><themekt>ISO 19115 Category</themekt><themekey>imageryBaseMapsEarthCover</themekey><themekey>010</themekey><themekey>geoscientificInformation</themekey><themekey>008</themekey><themekey>location</themekey><themekey>013</themekey></theme><place><placekt>U.S. Department of Commerce, 1995, Countries, dependencies, areas of special sovereignty, and their principal administrative divisions, Federal Information Processing Standard 10-4,): Washington, D.C., National Institute of Standards and Technology</placekt><placekey>United States</placekey><placekey>U.S.</placekey><placekey>US</placekey><placekey>USA</placekey></place><place><placekt>U.S. Department of Commerce, 1987, Codes for the identification of the States, the District of Columbia and the outlying areas of the United States, and associated areas (Federal Information Processing Standard 5-2): Washington, D.C., National Institute of Standards and Technology</placekt><placekey>AK</placekey><placekey>HI</placekey><placekey>AS</placekey><placekey>GU</placekey><placekey>MH</placekey><placekey>FSM (Federated States of Micronesia)</placekey><placekey>MP</placekey><placekey>PW</placekey><placekey>PR</placekey></place><place><placekt>Geographic Names Information System</placekt><placekey>Alaska</placekey><placekey>Hawaii</placekey><placekey>American Samoa</placekey><placekey>Guam</placekey><placekey>Marshall Islands</placekey><placekey>Micronesia</placekey><placekey>Northern Mariana Islands</placekey><placekey>Palau</placekey><placekey>Puerto Rico</placekey></place></keywords><accconst>Any acquisition or use of these data signifies a user's agreement to comprehension and compliance of the USGS Standard Disclaimer.  Ensure all portions of metadata are read and clearly understood before using these data in order to protect both user and USGS interests.</accconst><useconst>There is no guarantee or warranty concerning the accuracy of the data.  Users should be aware that temporal changes may have occurred since these data were collected and that some parts of these data may no longer represent actual surface conditions.  Users should not use these data for critical applications without a full awareness of its limitations.  Acknowledgement of the originating agencies would be appreciated in products derived from these data.  Any user who modifies the data is obligated to describe the types of modifications they perform.  User specifically agrees not to misrepresent the data, nor to imply that changes made were approved or endorsed by the USGS.  Please refer to http://www.usgs.gov/privacy.html for the USGS disclaimer.</useconst><ptcontac><cntinfo><cntorgp><cntorg>U.S. Geological Survey</cntorg></cntorgp><cntpos>Customer Service Representative</cntpos><cntaddr><addrtype>mailing and physical address</addrtype><address>USGS Earth Resources Observation &amp; Science (EROS) Center</address><address>47914 252nd Street</address><city>Sioux Falls</city><state>SD</state><postal>57198-0001</postal><country>USA</country></cntaddr><cntvoice>605-594-6151</cntvoice><cntvoice>1-800-252-4547</cntvoice><cnttdd>605-594-6933</cnttdd><cntfax>605-594-6589</cntfax><cntemail>custserv@usgs.gov</cntemail><hours>0800 - 1600 CT, M - F (-6h CST/-5h CDT GMT)</hours></cntinfo></ptcontac><secinfo><secsys>None</secsys><secclass>Unclassified</secclass><sechandl>None</sechandl></secinfo><native>Microsoft Windows XP Version 5.1 (Build 2600) Service Pack 3; ESRI ArcCatalog 9.1.0.780</native></idinfo><dataqual><logic>N/A</logic><complete>N/A</complete><posacc><horizpa><horizpar>N/A</horizpar></horizpa><vertacc><vertaccr>N/A</vertaccr></vertacc></posacc><lineage><procstep><procdesc>NED assembly and updating are accomplished with a highly automated production process that was developed specifically for this seamless elevation data set.  The selection of source data is accomplished by an automated query of a database of USGS and partner-supplied DEMs.  The "best available" data criteria are applied to select specific file-based DEMs from the database.  The headers of the selected DEMs are read to create an index, which controls production and triggers subsequent processing steps.  Industry standard tools from the National Geodetic Survey, NADCON and VERTCON, are used to perform horizontal and vertical datum transformations, respectively.The source DEMs are projected from their native coordinate system to a geographic coordinate system (decimal degrees of latitude and longitude) using standard cartographic transformation software.  Resampling of the original elevation values is done with an implementation of cubic convolution that is optimized for elevation data by maintaining the integrity of shorelines and water bodies.  Artifact removal is performed on the older USGS Level 1 DEMs that were produced with photogrammetric methods.  The "mean profile filter" was specifically designed to process these 7.5-minute DEMs.  The filter process uses a series of directional filters to isolate the high-frequency artifacts, which are then subtracted from the DEM.  The magnitude of these artifacts is small, typically less than 1 meter, so the change to the DEM is negligible, but the removal results in significant improvements in derivative elevation products, such as shaded relief, slope, and aspectThe final steps in the production process include paneling the DEMs to fill the 1- by 1-degree tile, filling slivers of missing data along DEM boundaries as necessary by interpolating adjacent values, and edge matching the seams along the DEM boundaries and tile edges.  The edge match algorithm uses a feathering approach that maintains local slope continuity across the seam. Finally, a shaded-relief image of the tile is generated for inspection by an analyst to verify successful processing, especially artifact filtering and edge matching.  In some cases, DEM header information, which automatically triggers certain processing options, is incorrect, and the result is data that are not acceptable for inclusion into the NED.  These cases are detected in the visual inspection step, the DEM header is corrected, and the tile is submitted for reprocessing.  Tiles passing inspection are transferred to the next release version, and the spatially referenced metadata are updated accordingly.The metadata were created for The National Map Seamless Server at http://seamless.usgs.gov, and are available in several formats: HTML, TEXT, XML, FAQ and SGML.</procdesc><procdate>Ongoing</procdate><proccont><cntinfo><cntorgp><cntorg>U.S. Geological Survey</cntorg></cntorgp><cntpos>Customer Service Representative</cntpos><cntaddr><addrtype>mailing and physical address</addrtype><address>USGS Earth Resources Observation &amp; Science (EROS) Center</address><address>47914 252nd Street</address><city>Sioux Falls</city><state>SD</state><postal>57198-0001</postal><country>USA</country></cntaddr><cntvoice>605-594-6151</cntvoice><cntvoice>1-800-252-4547</cntvoice><cnttdd>605-594-6933</cnttdd><cntfax>605-594-6589</cntfax><cntemail>custserv@usgs.gov</cntemail><hours>0800 - 1600 CT, M - F (-6h CST/-5h CDT GMT)</hours></cntinfo></proccont></procstep></lineage></dataqual><spdoinfo><direct>Raster</direct><rastinfo><rasttype>Pixel</rasttype><rowcount>1041</rowcount><colcount>941</colcount><vrtcount>1</vrtcount></rastinfo></spdoinfo><spref><horizsys><geograph><latres>0.00001</latres><longres>0.00001</longres><geogunit>Decimal degrees</geogunit></geograph><geodetic><horizdn>North American Datum of 1983</horizdn><ellips>Geodetic Reference System 80</ellips><semiaxis>6378137.000000</semiaxis><denflat>298.257222</denflat></geodetic></horizsys><vertdef><altsys><altdatum>North American Vertical Datum of 1988</altdatum><altres>1.000000</altres><altunits>meters</altunits><altenc>Implicit coordinate</altenc></altsys></vertdef></spref><eainfo><overview><eadetcit>A link to the NED Data Dictionary describing information that is included in the spatial metadata shapefiles acquired with the DEM is provided at the end of the Metadata Section of this document.</eadetcit></overview></eainfo><distinfo><distrib><cntinfo><cntorgp><cntorg>U.S. Geological Survey</cntorg></cntorgp><cntpos>Customer Service Representative</cntpos><cntaddr><addrtype>mailing and physical address</addrtype><address>USGS Earth Resources Observation &amp; Science (EROS) Center</address><address>47914 252nd Street</address><city>Sioux Falls</city><state>SD</state><postal>57198-0001</postal><country>USA</country></cntaddr><cntvoice>605-594-6151</cntvoice><cntvoice>1-800-252-4547</cntvoice><cnttdd>605-594-6933</cnttdd><cntfax>605-594-6589</cntfax><cntemail>custserv@usgs.gov</cntemail><hours>0800 - 1600 CT, M - F (-6h CST/-5h CDT GMT)</hours></cntinfo></distrib><resdesc>Downloadable Data</resdesc><distliab>Although these data have been processed successfully on a computer system at the USGS, no warranty expressed or implied is made by the USGS regarding the use of the data on any other system, nor does the act of distribution constitute any such warranty.  Data may have been compiled from various outside sources.  Spatial information may not meet National Map Accuracy Standards.  This information may be updated without notification. The USGS shall not be liable for any activity involving these data, installation, fitness of the data for a particular purpose, its use, or analyses results.</distliab><stdorder><digform><digtinfo><formname>ARCG</formname><formvern>ArcGIS 9.3</formvern><formspec>Raster</formspec></digtinfo><digtopt><onlinopt><computer><networka><networkr>http://nationalmap.gov</networkr><networkr>http://seamless.usgs.gov</networkr></networka></computer><accinstr>The URL, http://seamless.usgs.gov, provides a map interface that allows for data downloads within a customer defined area of interest.  Zoom tools are available that can be used to investigate areas of interest on the map interface.  The download tool allows the customer to capture layers from the map, utilizing The National Map Seamless Server process for downloading.  A request summary page is then generated with the download layers listed.  By clicking the "download" button on the summary page, a zipped file will be generated that can be saved on the customer's computer.  The file can then be unzipped and imported into various user software applications.</accinstr><oncomp>Not available for dissemination</oncomp></onlinopt></digtopt></digform><fees>None</fees><ordering>None.  Downloadable data.</ordering><turnarnd>Variable</turnarnd></stdorder><custom>None</custom><techpreq>At minimum, ESRI ArcGIS 9.1 Suite or equivalent GIS processing software and supporting operating systems.</techpreq><availabl><timeinfo><sngdate><caldate>2009</caldate></sngdate></timeinfo></availabl></distinfo><metainfo><metd>20090323</metd><metc><cntinfo><cntorgp><cntorg>U.S. Geological Survey</cntorg></cntorgp><cntpos>Customer Service Representative</cntpos><cntaddr><addrtype>mailing and physical address</addrtype><address>USGS Earth Resources Observation &amp; Science (EROS) Center</address><address>47914 252nd Street</address><city>Sioux Falls</city><state>SD</state><postal>57198-0001</postal><country>USA</country></cntaddr><cntvoice>605-594-6151</cntvoice><cntvoice>1-800-252-4547</cntvoice><cnttdd>605-594-6933</cnttdd><cntfax>605-594-6589</cntfax><cntemail>custserv@usgs.gov</cntemail><hours>0800 - 1600 CT, M - F (-6h CST/-5h CDT GMT)</hours><cntinst>The above is the contact information for the USGS Earth Resources Observation &amp; Science (EROS) Center in Sioux Falls, SD.  This is the digital data storage and distribution center for the USGS.</cntinst></cntinfo></metc><metstdn>FGDC Content Standards for Digital Geospatial Metadata</metstdn><metstdv>FGDC-STD-001-1998</metstdv><mettc>local time</mettc><metac>None</metac><metuc>None</metuc><metsi><metscs>None</metscs><metsc>Unclassified</metsc><metshd>None</metshd></metsi><metextns><onlink>http://www.esri.com/metadata/esriprof80.html</onlink><metprof>ESRI Metadata Profile</metprof></metextns><metextns><onlink>http://ned.usgs.gov/NED/metadata.asp</onlink><metprof>National Elevation Dataset (NED) Metadata</metprof></metextns></metainfo></metadata>