<?xml version="1.0" encoding="ISO-8859-1"?><!DOCTYPE metadata SYSTEM "http://www.fgdc.gov/metadata/fgdc-std-001-1998.dtd"><metadata><idinfo><citation><citeinfo><origin>U.S. Geological Survey</origin><pubdate>20030901</pubdate><title>National Land Cover Database zone 65 Land Cover Layer</title><edition>1.0</edition><geoform>remote-sensing image</geoform><serinfo><sername>None</sername><issue>None</issue></serinfo><pubinfo><pubplace>Sioux Falls, SD</pubplace><publish>U.S. Geological Survey</publish></pubinfo><othercit>References:Homer, C., C. Huang, L. Yang, B. Wylie and M. Coan, 2004.  Development of a 2001 national land cover database for the United States.  Photogrammetric Engineering and Remote Sensing Vol.70,No.7,pp 829-840 or online at www.mrlc.gov/publications.The USGS acknowledges the support of NOAA and Sanborn in development of data in this zone.</othercit><onlink>http://www.mrlc.gov</onlink><lworkcit><citeinfo><origin>National Oceanographic and Atmospheric Administration</origin><pubdate>20060508</pubdate><title>C-CAP US (United States) Coastal Land Cover Project</title><geoform>remote-sensing image</geoform><pubinfo><pubplace>NOAA CSC, Charleston, SC</pubplace><publish>NOAA Coastal Change Analysis Program (C-CAP)</publish></pubinfo><onlink>http://www.csc.noaa.gov</onlink></citeinfo></lworkcit></citeinfo></citation><descript><abstract>The National Land Cover Database 2001 land cover layer for mapping zone 65 was produced through a cooperative project conducted by the Multi-Resolution Land Characteristics (MRLC) Consortium.  The MRLC Consortium is a partnership of federal agencies (www.mrlc.gov), consisting of the U.S. Geological Survey (USGS), the National Oceanic and Atmospheric Administration (NOAA), the U.S. Environmental Protection Agency (EPA), the U.S. Department of Agriculture (USDA), the U.S. Forest Service (USFS), the National Park Service (NPS), the U.S. Fish and Wildlife Service (FWS), the Bureau of Land Management (BLM) and the USDA Natural Resources Conservation Service (NRCS).  One of the primary goals of the project is to generate a current, consistent, seamless, and accurate National Land cover Database (NLCD) circa 2001 for the United States at medium spatial resolution.  This landcover map and all documents pertaining to it are considered "provisional"  until a formal accuracy assessment can be conducted.  For a detailed definition and discussion on MRLC and the NLCD 2001 products, refer to Homer et al. (2004) and http://www.mrlc.gov/mrlc2k.asp.The NLCD 2001 is created by partitioning the U.S. into mapping zones.  A total of 66 mapping zones were delineated within the conterminous U.S. based on ecoregion and geographical characteristics, edge matching features and the size requirement of Landsat mosaics.  Mapping zone 65 encompasses whole or portions of several states, including the states of Vermont, Massachusetts, Rhode Island, Connecticut, New York, and New Hampshire.  Questions about the NLCD mapping zone 65 can be directed to the NLCD 2001 land cover mapping team at the USGS/EROS, Sioux Falls, SD (605) 594-6151 or mrlc@usgs.gov.</abstract><purpose>The goal of this project is to provide the Nation with complete, current and consistent public domain information on its land use and land cover.</purpose><supplinf>Corner Coordinates (center of pixel, projection meters)Upper Left Corner:  1777890.00 meters(X),  2614320.00 meters(Y)Lower Right Corner: 2148780.00 meters(X),  2155620.00 meters(Y)Spatial-specific information not available</supplinf></descript><timeperd><timeinfo><rngdates><begdate>19990611</begdate><enddate>20031012</enddate></rngdates></timeinfo><current>ground condition</current></timeperd><status><progress>In work</progress><update>As needed</update></status><spdom><bounding><westbc>-71.6501501730438</westbc><eastbc>-71.5076982986363</eastbc><northbc>41.2502416941686</northbc><southbc>41.1263908870293</southbc></bounding></spdom><keywords><theme><themekt>None</themekt><themekey>Land Cover</themekey><themekey>GIS</themekey><themekey>U.S. Geological Survey</themekey><themekey>USGS</themekey><themekey>digital spatial data</themekey></theme><theme><themekt>ISO 19115 Category</themekt><themekey>imagery</themekey><themekey>Base Maps</themekey><themekey>Earth Cover</themekey></theme><place><placekt>U.S. Department of Commerce, 1995, Countries, dependencies, areas of special sovereignty, and their principal administrative divisions, Federal Information Processing Standard 10-4,): Washington, D.C., National Institute of Standards and Technology</placekt><placekey>United States</placekey><placekey>U.S.</placekey><placekey>US</placekey></place><place><placekt>None</placekt><placekey>zone 65</placekey></place><place><placekt>U.S. Department of Commerce, 1987, Codes for the identification of the States, the District of Columbia and the outlying areas of the United States, and associated areas (Federal Information Processing Standard 5-2): Washington, D.C., National Institute of Standards and Technology</placekt><placekey>Vermont</placekey><placekey>VT</placekey><placekey>Massachusetts</placekey><placekey>MA</placekey><placekey>Rhode Island</placekey><placekey>RI</placekey><placekey>Connecticut</placekey><placekey>CT</placekey><placekey>New York</placekey><placekey>NY</placekey><placekey>New Hampshire</placekey><placekey>NH</placekey><placekey>US New England</placekey><placekey>Coastal Zone</placekey></place></keywords><accconst>None</accconst><useconst>None</useconst><ptcontac><cntinfo><cntorgp><cntorg>U.S. Geological Survey</cntorg></cntorgp><cntpos>Customer Services Representative</cntpos><cntaddr><addrtype>mailing and physical address</addrtype><address>USGS/EROS</address><address>47914 252nd Street</address><city>Sioux Falls</city><state>SD</state><postal>57198-0001</postal><country>USA</country></cntaddr><cntvoice>605/594-6151</cntvoice><cnttdd>605/594-6933</cnttdd><cntfax>605/594-6589</cntfax><cntemail>custserv@usgs.gov</cntemail><hours>0800 - 1600 CT, M - F (-6h CST/-5h CDT GMT)</hours><cntinst>The USGS point of contact is for questions relating to the data display and download from this web site.  For questions regarding data content and quality, refer to:http://www.mrlc.gov/mrlc2k.asp or email:  mrlc@usgs.gov</cntinst></cntinfo></ptcontac><datacred>U.S. Geological Survey, NOAA, Sanborn</datacred><secinfo><secsys>None</secsys><secclass>Unclassified</secclass><sechandl>N/A</sechandl></secinfo><native>Microsoft Windows 2000 Version 5.1 (Build 2600) Service Pack 1; ESRI ArcCatalog 9.0.0.535</native></idinfo><dataqual><attracc><attraccr>According to accuracy assessment performed by Sanborn, the overall accuracy is 85.1% and 0.848 Kappa. The accuracy results shown below are from US coastal zone 65. A total of 518 points are located in US coastal zone 65.Each class accuracy is as follows:(Errors of Omission/Commission)0 Background (N/A)1 Unclassified (Cloud, Shadow, etc)(N/A)2 High Intensity Developed (85%/79%)3 Medium Intensity Developed (80%/62%)4 Low Intensity Developed (17%/18%)5 Open Spaces Developed (57%/31%)6 Cultivated Land (89%/80%)7 Pasture/Hay (80%/97%)8 Grassland (80%/67%)9 Deciduous Forest (80%/92%)10 Evergreen Forest (85%/94%)11 Mixed Forest (86%/67%)12 Scrub/Shrub (62%/62%)13 Palustrine Forested Wetland (85%/82%)14 Palustrine Scrub/Shrub Wetland (82%/85%)15 Palustrine Emergent Wetland (70%/61%)16 Estuarine Forested Wetland (N/A)17 Estuarine Scrub/Shrub Wetland (N/A)18 Estuarine Emergent Wetland (92%/97%)19 Unconsolidated Shore (94%/94%)20 Bare Land (96%/81%)21 Water (99%/100%)22 Palustrine Aquatic Bed (50%/25%)23 Estuarine Aquatic Bed (N/A)24 Tundra (N/A)25 Snow/Ice (N/A)The validation points were both collected in the field and photo interpreted. The accuracy assessment selection methods were developed to minimize spatial autocorrelation between the training and accuracy assessment. The first pool of accuracy assessment sites came from field data and photo interpretation of black and white digital orthophotos and digital color infrared imagery (primarily Ikonos data).  These sites were collected prior to initial mapping and were collected at the same time as the training data. The sites were selected to capture the physical and spectral diversity of the land cover. After the first criteria was met, the accuracy assessment sites were buffered to see if they fell within 1000 meters of another accuracy assessment site of the same class or within 1000 meters of a training site of the same class. Those that fell within the 1000 meter buffer were eliminated. All sites were to be from a homogeneous 3x3 area.  After an analysis of the point distribution, it became clear that there were not enough samples for every class.  The remaining points were selected from the initial draft final classification and had to be a homogeneous 3x3 area.Sampling was limited to areas where there was high resolution color infrared imagery. The imagery included the previous Ikonos imagery, but also included an additional 20 scenes of Ikonos imagery. The additional Ikonos imagery provided sampling areas across the entire study area.  Classes which had a proportionally larger representative land area had larger numbers of samples . When possible, we tried to identify 50 samples of each of the classes.  Exceptions were for the following classes (actual sample numbers): Cultivated Crops (37) - Grassland/Herbaceous (20)- Evergreen Forest (40) - Mixed Forest (28) - Scrub/Shrub (21) - Palustrine Forest Wetland (33) - Palustrine Scrub/Shrub Wetland (28) Palustrine Emergent Wetland (20)- Estuarine Emergent Wetland (38) - Unconsolidated Shore (17) - Bare Land (23) - Palustrine Aquatic Bed (4).A total of 518 accuracy assessment points were used excluding urban classes. 572 accuracy assessment points were used including urban points. All classes have a minimum of 50 accuracy assessment points except for the classes mentioned above. These classes are limited in the study area and to some extent in the imagery that was available to sample from.Post-Processing Steps: NoneKnown Problems: NoneSpatial Filters: None</attraccr><qattracc><attraccv>85.1</attraccv><attracce>Accuracy value obtained using 518 accuracy points compared against the classification produced. Results gave per class accuracy values as well as overall accuracy of 85.1%  The U.S. Geological Survey can make no guarantee as to the accuracy or completeness of this information, and it is provided with the understanding that it is not guaranteed to be correct or complete. Conclusions drawn from this information are the responsibility of the user.</attracce></qattracc></attracc><logic>The NLCD 2001 database for mapping zone 65 consists of three main data products including: (1) per pixel classified land-cover data (2) sub-pixel percent imperviousness and (3) sub-pixel percent tree canopy density. The land-cover database also includes three additional metadata layers that provide users a spatial node map of the land cover classification.  The three layers are: (a)  a spatial node map of the land cover classification, (b) a spatial confidence map of the land cover classification, and, (c) a text file of logical statements related to the land cover classification.Conceptually, the descriptive tree is a classification tree generated by using the final minimum-map- unit land cover product (1 acre) as training data, and Landsat and other ancillary data as predictors. The goal of the descriptive tree is to summarize the effects of boosted trees (10 sequential classification trees) into a single condensed decision tree that can be used as a diagnostic tool for the classification process.  This descriptive tree can be used to assess the relative importance of each of the input data sets on each land cover class. Such information may also be useful to customize the minimum-mapping-unit classification to meet a user's specific needs through raster modeling. Descriptive trees usually capture 60 to 80% of the information from the original land cover data.The leaf or terminal nodes of the descriptive tree are assigned to sequential numbers (called node numbers) and mapped across the entire mapping zone on a pixel-by-pixel basis. These node numbers can then be matched with the various conditional statements associated with each respective terminal node.  This spatial layer appears similar to a cluster map, but is the result of a supervised classification - not an unsupervised clustering. This node map can potentially be used as input by users to customize NLCD land cover, by linking the spatial extent of an individual node with the rules of the conditional statement.The  Land Cover spatial classification confidence data layer is provided to users to help determine the per-pixel spatial confidence of the NLCD 2001 land cover prediction from the descriptive tree. The C5 algorithm produces an estimate (a value between 0% and 100%) that indicates the confidence of rule predictions at each node based on the training data.  This spatial confidence map should be considered as only one indicator of relative reliability of the land cover classification, rather than a precise estimate. Users should be aware that this estimate is made based on only training data, and is derived from a generalized descriptive decision tree that reproduces the final land cover data.  However, this layer provides valuable insight for a user to determine the risk or confidence they choose to place in each pixel of land cover.A logic statement from a descriptive tree classification describes each classification rule for each classified pixel.  An example of the logic statement follows:IF tasseled-cap wetness &gt; 140 and imperviousness  = 0 and canopy density &lt; 4, then classify as WaterThis logic file can be used in combination with the spatial node map to identify classification logic and allow modifications of the classification based on user's knowledge and/or additional data sets.Additional information may be found at http://www.mrlc.gov/mrlc2k_nlcd.asp.</logic><complete>This NLCD product of mapping zone 65 Land Cover layer is the version dated September 26,2006.</complete><posacc><horizpa><horizpar>N/A</horizpar></horizpa><vertacc><vertaccr>N/A</vertaccr></vertacc></posacc><lineage><procstep><procdesc>This dataset was created by Sanborn Mapping Company. This version of the classification is the late-date (2000-era). The study area is the coastal zone 65 region. An early-date (1995-era) classification is also available for the same area.Summary:This section outlines the classification procedure for the zone 65 C-CAP Late Date map. The three dates of imagery were first reviewed for image quality and shifts between image dates. Training points were used as the dependent variable in a CART (Classification Analysis by Regression Tree)approach. Derivative data layers (NDVI, Tasseled Cap) were calculated from the TM data and were used as additional independent variables in the analysis. There were 3 major versions of the map prior to a draft map: 1) the provisional map, 2) automated (incl. draft and final) and 3) final edited. The provisional map was developed prior to field work to give an idea of potential areas to sample. This rough map represented the first output from the CART classification routine. Ancillary data (DEMs, etc) and spectral data were used in this and all other CART models. The final automated map had additional points from the field and photo interpretation added. Points were continually added until the best possible model was developed. This represented a fully automated product. This product was then altered by hand edits to refine the classification. In addition, a percent impervious data layer developed from TM data using high resolution imagery, was imbedded into the classification to define the developed classes. This produced the final-with-edits version which is the final version of the classification and is the one described here.Pre-processing steps:Each Landsat TM scene was geo-referenced by USGS (United States Geological Survey)/EROS. The Sanborn staff reviewed the spectral and spatial quality of the imagery. Areas that were greater than 1-2 pixels off were sent back to USGS for reprocessing. The data was geo-referenced to Albers Conical Equal Area, with a spheroid of GRS 1980, and Datum of NAD83. The data units are in meters. The zone 65 TM data was delivered in the form of USGS zone mosaics. The data included three dates of TM- leaf-on, leaf-off, and spring. For each date of TM, spectral and tasseled cap data were received.Acquisition dates of Landsat ETM+ (TM) scenes used for land cover classification in zone 65 are as         follows:SPRING-Index 3 for Path 11/Row 31 on 05/10/01 = Scene_ID 5011031000113010Index 2 for Path 12/Row 30 on 05/09/01 = Scene_ID 7012030000112950Index 2 for Path 12/Row 31 on 05/09/01 = Scene_ID 7012031000112950Index 2 for Path 12/Row 32 on 05/09/01 = Scene_ID 7012032000112950Index 4 for Path 13/Row 30 on 05/08/01 = Scene_ID 5013030000112810Index 4 for Path 13/Row 31 on 05/08/01 = Scene_ID 5013031000112810Index 6 for Path 13/Row 31 on 04/28/03 = Scene_ID 5013031000311810Index 5 for Path 13/Row 32 on 04/28/03 = Scene_ID 5013032000311810Index 1 for Path 14/Row 29 on 05/07/01 = Scene_ID 7014029000112750Index 1 for Path 14/Row 30 on 05/07/01 = Scene_ID 7014030000112750Index 1 for Path 14/Row 31 on 05/07/01 = Scene_ID 7014031000112750LEAF ON (Summer)-Index 1 for Path 11/Row 31 on 08/09/02 = Scene_ID 7011031000222150Index 2 for Path 12/Row 30 on 06/21/02 = Scene_ID 5012030000217210Index 3 for Path 12/Row 30 on 06/10/01 = Scene_ID 7012030000116150Index 2 for Path 12/Row 31 on 06/21/02 = Scene_ID 5012031000217210Index 3 for Path 12/Row 31 on 06/10/01 = Scene_ID 7012031000116150Index 2 for Path 12/Row 32 on 06/21/02 = Scene_ID 5012032000217210Index 4 for Path 13/Row 29 on 06/04/02 = Scene_ID 7013029000215550Index 5 for Path 13/Row 30 on 08/31/99 = Scene_ID 7013030009924350Index 6 for Path 13/Row 31 on 07/27/01 = Scene_ID 5013031000120810Index 6 for Path 13/Row 32 on 07/27/01 = Scene_ID 5013032000120810Index 7 for Path 14/Row 29 on 06/08/01 = Scene_ID 7014029000115950Index 7 for Path 14/Row 30 on 06/08/01 = Scene_ID 7014030000115950Index 8 for Path 14/Row 31 on 06/11/99 = Scene_ID 5014031009916210LEAF-OFF (Fall)-Index 4 for Path 11/Row 31 on 10/22/00 = Scene_ID 7011031000029650Index 2 for Path 12/Row 30 on 10/16/01 = Scene_ID 7012030000128950Index 2 for Path 12/Row 31 on 10/16/01 = Scene_ID 7012031000128950Index 3 for Path 12/Row 32 on 11/01/01 = Scene_ID 7012032000130550Index 1 for Path 13/Row 30 on 10/20/00 = Scene_ID 7013030000029450Index 1 for Path 13/Row 31 on 10/20/00 = Scene_ID 7013031000029450Index 1 for Path 13/Row 32 on 10/20/00 = Scene_ID 7013032000029450Index 6 for Path 14/Row 29 on 10/12/03 = Scene_ID 5014029000328510Index 5 for Path 14/Row 30 on 10/30/01 = Scene_ID 7014030000130350Index 7 for Path 14/Row 31 on 10/01/02 = Scene_ID 7014031000227450Field-Collected Data-The goals of the field data collection were to sample the diversity of the landscape, within the classes, and among image dates. Classes that would be more difficult to collect from air photos were targeted for field data collection. To meet these goals, Sanborn stratified the image into spectral clusters and located the field sites throughout the study area based on these. In addition to these pre-arranged sites, Sanborn collected points while driving between locations. Due to limited time and accessibility, not all polygons were assessed in the field.  Those that we did not visit on the ground were labeled with digital orthophotographs or Ikonos data if it was available. Both training and validation points were collected together. See the accuracy assessment section to see how the points were split into training and validation points. Sanborn used laptop computers and GPS (Global Positioning System) to correctly locate field points on the TM imagery. Software downloaded from the Minnesota's Department of Natural Resources (DNR) was used to connect the Garmin GPS to the laptop computer and ESRI's ArcView software.  Sanborn's programmer developed an ArcMap application that allowed entry of location and field notes with a click of the mouse. These data were stored in a shapefile. Items that were collected were:Land Cover characterizationSpecial conditions and remarksPhotograph NumberDate/time locationThe data and equipment used for the fieldwork are as follows:Ancillary datasets:TIGER 2000NLCD - mosaicked into zonesState road map and Delorme state atlas www.delorme.comHardware: with ArcView/ArcGIS and dataGARMIN GPS modules and external antennae, redundant datacablesCameras devices (Floppy Drives, CD Burners, external HDD)Extra batteries (lap-top and GPS)Mobile phonesSystem backup CD's with data and softwareCompass notebooks with instructions and road maps withpre-determined routes Wetland and Vegetation Field GuidesImagery:Image data for each zoneInitial classificationsClassification:After the field points for training were collected, they were combined with photo-interpreted points and used as the dependent variable in a CART classification approach. Many layers tested as independent layers. They included three dates of spectral and tasseled cap imagery, DEM, slope, aspect, texture, band indices (NDVI, Moisture, NDVI-Green, shape indices fractal dimension, compactness, convexity, and form). Statistical analyses and visual inspection of the output was used to eliminate data that was redundant or not useful in the classification. Additional training points were added to help reduce some of the confusion between classes. The rough classification was created at the end of this process using only the CART discrete decision-tree software. A provisional classification was produced by applying spatial models using ancillary data to the rough classification. The final automated map was then edited using hand editing techniques while using high resolution imagery as reference data. Independently of this process, impervious data layers for Zone 65 were created. This layer was developed from Regression Tree and used impervious classifications from IKONOS imagery to predict pixel level percent impervious at the TM pixel level. The continuous percent impervious data was thresholded to produce the developed categories and imbedded into the final map.Attributes for this product are as follows:0 Background1 Unclassified (Cloud, Shadow, etc)2 High Intensity Developed3 Medium Intensity Developed4 Low Intensity Developed5 Open Spaces Developed6 Cultivated Land7 Pasture/Hay8 Grassland9 Deciduous Forest10 Evergreen Forest11 Mixed Forest12 Scrub/Shrub13 Palustrine Forested Wetland14 Palustrine Scrub/Shrub Wetland15 Palustrine Emergent Wetland16 Estuarine Forested Wetland17 Estuarine Scrub/Shrub Wetland18 Estuarine Emergent Wetland19 Unconsolidated Shore20 Bare Land21 Water22 Palustrine Aquatic Bed23 Estuarine Aquatic Bed24 Tundra (N/A)25 Snow/Ice (N/A)Ancillary Datasets:Non-TM image datasets used are DEM (Digital Elevation Model), slope, aspect, positional index, NWI, NLCD, TIGER2000, field-collected points, photo-interpreted points, zone 65 GAP reclassified by NOAA (Gap Analysis Program),Census data (housing and population density), Ecoregions.QA/QC Process:There were several QA/QC steps involved in the creation of this product. First, there was an internal QA/QC. This was done by viewing the classification frame-by-frame along with the TM imagery, the classification, and high resolution reference imagery. NOAA staff completed a similar review and provided both general and point comments.</procdesc><procdate>08152004 - 05082006</procdate><proccont><cntinfo><cntperp><cntper>CRS (Coastal Remote Sensing) Program Manager</cntper><cntorg>NOAA Coastal Services Center Coastal Change Analysis Program (C-CAP)</cntorg></cntperp><cntpos>CRS Program Manager</cntpos><cntaddr><addrtype>mailing and physical address</addrtype><address>2234 S. Hobson Ave.</address><city>Charleston</city><state>SC</state><postal>29405</postal><country>USA</country></cntaddr><cntvoice>843-740-1210</cntvoice><cntfax>843-740-1224</cntfax><cntemail>clearinghouse@csc.noaa.gov</cntemail><hours>8:00 am to 5:00 p.m. EST. M-F</hours></cntinfo></proccont></procstep><procstep><procdesc>Methods used to generate the land cover dataset for zone 65 described above are similar  to and compatible with methods used in other zones of the NLCD dataset.  For coastal zones mapped by NOAA and/or NOAA contractors, the land cover dataset classification codes and the source dataset for classification of urban areas is different.  For national consistency, an additional process step was added to cross-walk the NOAA class codes to standard NLCD 2001 class codes described in the Entity and Attribute Information section of this document.  NOAA urban pixel values were replaced with values determined from the NLCD 2001 percent imperviousness mapping product.  The four classes in urban and suburban areas were determined from the percent imperviousness mapping product (described in the next section).  The threshold for the four classes is: (1) developed open space (imperviousness &lt; 20%), (2) low-intensity developed (imperviousness from 20 - 49%), (3) medium intensity developed (imperviousness from 50 -79%), and (4) high-intensity developed (imperviousness &gt; 79%).The completed single pixel product was then generalized to a 1 acre (approximately 5 ETM+ 30 m  pixel patch) minimum mapping unit product using a "smart eliminate" algorithm. This aggregation program subsumes pixels from the single pixel level to a 5-pixel patch using a queens algorithm at doubling intervals. The algorithm consults a weighting matrix to guide merging of cover types by similarity, resulting in a product that preserves land cover logic as much as possible.</procdesc><srcused>Landsat ETM, DOQQ, USDA, FIA, DEM, USGS/EROS, IKONOS</srcused><procdate>Unknown</procdate><srcprod>USGS NLCD</srcprod><proccont><cntinfo><cntorgp><cntorg>U.S. Geological Survey</cntorg></cntorgp><cntpos>Customer Services Representative</cntpos><cntaddr><addrtype>mailing and physical address</addrtype><address>USGS/EROS</address><address>47914 252nd Street</address><city>Sioux Falls</city><state>SD</state><postal>57198-0001</postal><country>USA</country></cntaddr><cntvoice>605/594-6151</cntvoice><cnttdd>605/594-6933</cnttdd><cntfax>605/594-6589</cntfax><cntemail>custserv@usgs.gov</cntemail><hours>0800 - 1600 CT, M - F (-6h CST/-5h CDT GMT)</hours></cntinfo></proccont></procstep></lineage></dataqual><spdoinfo><direct>Raster</direct><rastinfo><rasttype>Pixel</rasttype><rowcount>398</rowcount><colcount>304</colcount><vrtcount>1</vrtcount></rastinfo></spdoinfo><spref><horizsys><planar><mapproj><mapprojn>Albers Conical Equal Area</mapprojn><albers><stdparll>29.500000</stdparll><stdparll>45.500000</stdparll><longcm>-96.000000</longcm><latprjo>23.000000</latprjo><feast>0.000000</feast><fnorth>0.000000</fnorth></albers></mapproj><planci><plance>row and column</plance><coordrep><absres>30.000000</absres><ordres>30.000000</ordres></coordrep><plandu>meters</plandu></planci></planar><geodetic><horizdn>North American Datum of 1983</horizdn><ellips>Geodetic Reference System 80</ellips><semiaxis>6378137.000000</semiaxis><denflat>298.257222</denflat></geodetic></horizsys></spref><eainfo><detailed><enttyp><enttypl>Layer_1</enttypl><enttypd>NLDC Land Cover Layer</enttypd><enttypds>National Land Cover Database 2001</enttypds></enttyp><attr><attrlabl>ObjectID</attrlabl><attrdef>Internal feature number</attrdef><attrdefs>ESRI</attrdefs><attrdomv><udom>Sequential unique whole numbers that are automatically generated.</udom></attrdomv></attr><attr><attrlabl>Count</attrlabl><attrdef>A nominal integer value that designates the number of pixels that have each value in the file; histogram column in ERDAS Imagine raster attributes table</attrdef><attrdefs>NLCD 2001</attrdefs><attrdomv><udom>Integer</udom></attrdomv></attr><attr><attrlabl>Value</attrlabl><attrdef>Land Cover Class Code Value.  Class definitions marked with an asterisk (*) are Coastal NLCD Classes only.</attrdef><attrdefs>NLCD 2001</attrdefs><attrdomv><edom><edomv>1</edomv><edomvd>No data value, Alaska zones only</edomvd><edomvds>NLCD 2001 land cover class descriptions</edomvds></edom><edom><edomv>11</edomv><edomvd>Open Water - All areas of open water, generally with less than 25% cover or vegetation or soil</edomvd><edomvds>NLCD 2001 land cover class descriptions</edomvds></edom><edom><edomv>12</edomv><edomvd>Perennial Ice/Snow - All areas characterized by a perennial cover of ice and/or snow, generally greater than 25% of total cover.</edomvd><edomvds>NLCD 2001 land cover class descriptions</edomvds></edom><edom><edomv>21</edomv><edomvd>Developed, Open Space - Includes areas with a mixture of some constructed materials, but mostly vegetation in the form of lawn grasses.  Impervious surfaces account for less than 20 percent of total cover.  These areas most commonly include large-lot single-family housing units, parks, golf courses, and vegetation planted in developed settings for recreation, erosion control, or aesthetic purposes</edomvd><edomvds>NLCD 2001 land cover class descriptions</edomvds></edom><edom><edomv>22</edomv><edomvd>Developed, Low Intensity -Includes areas with a mixture of constructed materials and vegetation.  Impervious surfaces account for 20-49 percent of total cover.  These areas most commonly include single-family housing units.</edomvd><edomvds>NLCD 2001 land cover class descriptions</edomvds></edom><edom><edomv>23</edomv><edomvd>Developed, Medium Intensity - Includes areas with a mixture of constructed materials and vegetation. Impervious surfaces account for 50-79 percent of the total cover.  These areas most commonly include single-family housing units.</edomvd><edomvds>NLCD 2001 land cover class descriptions</edomvds></edom><edom><edomv>24</edomv><edomvd>Developed, High Intensity - Includes highly developed areas where people reside or work in high numbers. Examples include apartment complexes, row houses and commercial/industrial.  Impervious surfaces account for 80 to100 percent of the total cover.</edomvd><edomvds>NLCD 2001 land cover class descriptions</edomvds></edom><edom><edomv>31</edomv><edomvd>Barren Land (Rock/Sand/Clay) - Barren areas of bedrock, desert pavement, scarps, talus, slides, volcanic material, glacial debris, sand dunes, strip mines, gravel pits and other accumulations of earthen material. Generally, vegetation accounts for less than 15% of total cover.</edomvd><edomvds>NLCD 2001 land cover class descriptions</edomvds></edom><edom><edomv>32</edomv><edomvd>Unconsolidated Shore* - Unconsolidated material such as silt, sand, or gravel that is subject to inundation and redistribution due to the action of water. Characterized by substrates lacking vegetation except for pioneering plants that become established during brief periods when growing conditions are favorable. Erosion and deposition by waves and currents produce a number of landforms representing this class.</edomvd><edomvds>NLCD 2001 land cover class descriptions</edomvds></edom><edom><edomv>41</edomv><edomvd>Deciduous Forest  - Areas dominated by trees generally greater than 5 meters tall, and greater than 20% of total vegetation cover. More than 75 percent of the tree species shed foliage simultaneously in response to seasonal change.</edomvd><edomvds>NLCD 2001 land cover class descriptions</edomvds></edom><edom><edomv>42</edomv><edomvd>Evergreen Forest - Areas dominated by trees generally greater than 5 meters tall, and greater than 20% of total vegetation cover. More than 75 percent of the tree species maintain their leaves all year. Canopy is never without green foliage.</edomvd><edomvds>NLCD 2001 land cover class descriptions</edomvds></edom><edom><edomv>43</edomv><edomvd>Mixed Forest - Areas dominated by trees generally greater than 5 meters tall, and greater than 20% of total vegetation cover. Neither deciduous nor evergreen species are greater than 75 percent of total tree cover.</edomvd><edomvds>NLCD 2001 land cover class descriptions</edomvds></edom><edom><edomv>51</edomv><edomvd>Dwarf Scrub - Alaska only areas dominated by shrubs less than 20 centimeters tall with shrub canopy typically greater than 20% of total vegetation. This type is often co-associated with grasses, sedges, herbs, and non-vascular vegetation.</edomvd><edomvds>NLCD 2001 land cover class descriptions</edomvds></edom><edom><edomv>52</edomv><edomvd>Shrub/Scrub - Areas dominated by shrubs; less than 5 meters tall with shrub canopy typically greater than 20% of total vegetation. This class includes true shrubs, young trees in an early successional stage or trees stunted from environmental conditions.</edomvd><edomvds>NLCD 2001 land cover class descriptions</edomvds></edom><edom><edomv>71</edomv><edomvd>Grassland/Herbaceous - Areas dominated by grammanoid or herbaceous vegetation, generally greater than 80% of total vegetation.  These areas are not subject to intensive management such as tilling, but can be utilized for grazing.</edomvd><edomvds>NLCD 2001 land cover class descriptions</edomvds></edom><edom><edomv>72</edomv><edomvd>Sedge/Herbaceous - Alaska only areas dominated by sedges and forbs, generally greater than 80% of total vegetation. This type can occur with significant other grasses or other grass like plants, and includes sedge tundra, and sedge tussock tundra.</edomvd><edomvds>NLCD 2001 land cover class descriptions</edomvds></edom><edom><edomv>73</edomv><edomvd>Lichens - Alaska only areas dominated by fruticose or foliose lichens generally greater than 80% of total vegetation.</edomvd><edomvds>NLCD 2001 land cover class descriptions</edomvds></edom><edom><edomv>74</edomv><edomvd>Moss- Alaska only areas dominated by mosses, generally greater than 80% of total vegetation.</edomvd><edomvds>NLCD 2001 land cover class descriptions</edomvds></edom><edom><edomv>81</edomv><edomvd>Pasture/Hay  - Areas of grasses, legumes, or grass-legume mixtures planted for livestock grazing or the production of seed or hay crops, typically on a perennial cycle. Pasture/hay vegetation accounts for greater than 20 percent of total vegetation.</edomvd><edomvds>NLCD 2001 land cover class descriptions</edomvds></edom><edom><edomv>82</edomv><edomvd>Cultivated Crops - Areas used for the production of annual crops, such as corn, soybeans, vegetables, tobacco, and cotton, and also perennial woody crops such as orchards and vineyards. Crop vegetation accounts for greater than 20 percent of total vegetation. This class also includes all land being actively tilled.</edomvd><edomvds>NLCD 2001 land cover class descriptions</edomvds></edom><edom><edomv>90</edomv><edomvd>Woody Wetlands - Areas where forest or shrub land vegetation accounts for greater than 20 percent of vegetative cover and the soil or substrate is periodically saturated with or covered with water.</edomvd><edomvds>NLCD 2001 land cover class descriptions</edomvds></edom><edom><edomv>91</edomv><edomvd>Palustrine Forested Wetland* -Includes all tidal and non-tidal wetlands dominated by woody vegetation greater than or equal to 5 meters in height and all such wetlands that occur in tidal areas in which salinity due to ocean-derived salts is below 0.5 percent. Total vegetation coverage is greater than 20 percent.</edomvd><edomvds>NLCD 2001 land cover class descriptions</edomvds></edom><edom><edomv>92</edomv><edomvd>Palustrine Scrub/Shrub Wetland* - Includes all tidal and non-tidal wetlands dominated by woody vegetation less than 5 meters in height, and all such wetlands that occur in tidal areas in which salinity due to ocean-derived salts is below 0.5 percent. Total vegetation coverage is greater than 20 percent. The species present could be true shrubs, young trees and shrubs or trees that are small or stunted due to environmental conditions.</edomvd><edomvds>NLCD 2001 land cover class descriptions</edomvds></edom><edom><edomv>93</edomv><edomvd>Estuarine Forested Wetland* - Includes all tidal wetlands dominated by woody vegetation greater than or equal to 5 meters in height, and all such wetlands that occur in tidal areas in which salinity due to ocean-derived salts is equal to or greater than 0.5 percent. Total vegetation coverage is greater than 20 percent.</edomvd><edomvds>NLCD 2001 land cover class descriptions</edomvds></edom><edom><edomv>94</edomv><edomvd>Estuarine Scrub/Shrub Wetland* - Includes all tidal wetlands dominated by woody vegetation less than 5 meters in height, and all such wetlands that occur in tidal areas in which salinity due to ocean-derived salts is equal to or greater than 0.5 percent. Total vegetation coverage is greater than 20 percent.</edomvd><edomvds>NLCD 2001 land cover class descriptions</edomvds></edom><edom><edomv>95</edomv><edomvd>Emergent Herbaceous Wetlands - Areas where perennial herbaceous vegetation accounts for greater than 80 percent of vegetative cover and the soil or substrate is periodically saturated with or covered with water.</edomvd><edomvds>NLCD 2001 land cover class descriptions</edomvds></edom><edom><edomv>96</edomv><edomvd>Palustrine Emergent Wetland (Persistent)* - Includes all tidal and non-tidal wetlands dominated by persistent emergent vascular plants, emergent mosses or lichens, and all such wetlands that occur in tidal areas in which salinity due to ocean-derived salts is below 0.5 percent. Plants generally remain standing until the next growing season.</edomvd><edomvds>NLCD 2001 land cover class descriptions</edomvds></edom><edom><edomv>97</edomv><edomvd>Estuarine Emergent Wetland* - Includes all tidal wetlands dominated by erect, rooted, herbaceous hydrophytes (excluding mosses and lichens) and all such wetlands that occur in tidal areas in which salinity due to ocean-derived salts is equal to or greater than 0.5 percent and that are present for most of the growing season in most years. Perennial plants usually dominate these wetlands.</edomvd><edomvds>NLCD 2001 land cover class descriptions</edomvds></edom><edom><edomv>98</edomv><edomvd>Palustrine Aquatic Bed* - The Palustrine Aquatic Bed class includes tidal and nontidal wetlands and deepwater habitats in which salinity due to ocean-derived salts is below 0.5 percent and which are dominated by plants that grow and form a continuous cover principally on or at the surface of the water. These include algal mats, detached floating mats, and rooted vascular plant assemblages.</edomvd><edomvds>NLCD 2001 land cover class descriptions</edomvds></edom><edom><edomv>99</edomv><edomvd>Estuarine Aquatic Bed* - Includes tidal wetlands and deepwater habitats in which salinity due to ocean-derived salts is equal to or greater than 0.5 percent and which are dominated by plants that grow and form a continuous cover principally on or at the surface of the water. These include algal mats, kelp beds, and rooted vascular plant assemblages.</edomvd><edomvds>NLCD 2001 land cover class descriptions</edomvds></edom></attrdomv></attr><attr><attrlabl>Red</attrlabl><attrdef>Red color code for RGB slice by value for canopy image display purposes.  The value is arbitrarily assigned by the display software package, unless defined by user.  Standard user defined ramp for NLCD project is start color light gray, end color red.</attrdef><attrdefs>NLCD 2001</attrdefs><attrdomv><rdom><rdommin>0</rdommin><rdommax>100</rdommax><attrunit>CSS Color Value Percentage</attrunit><attrmres>0.1</attrmres></rdom></attrdomv></attr><attr><attrlabl>Green</attrlabl><attrdef>Green color code for RGB slice by value for canopy image display purposes.  The value is arbitrarily assigned by the display software package, unless defined by user.  Standard user defined ramp for NLCD project is start color light gray, end color red.</attrdef><attrdefs>NLCD 2001</attrdefs><attrdomv><rdom><rdommin>0</rdommin><rdommax>100</rdommax><attrunit>CSS Color Value Percentage</attrunit><attrmres>0.1</attrmres></rdom></attrdomv></attr><attr><attrlabl>Blue</attrlabl><attrdef>Blue color code for RGB slice by value for canopy image display purposes.  The value is arbitrarily assigned by the display software package, unless defined by user.  Standard user defined ramp for NLCD project is start color light gray, end color red.</attrdef><attrdefs>NLCD 2001</attrdefs><attrdomv><rdom><rdommin>0</rdommin><rdommax>100</rdommax><attrunit>CSS Color Value Percentage</attrunit><attrmres>0.1</attrmres></rdom></attrdomv></attr><attr><attrlabl>Opacity</attrlabl><attrdef>A measure of how opaque, or solid, a color is displayed in a layer.</attrdef><attrdefs>NLCD 2001</attrdefs><attrdomv><rdom><rdommin>0</rdommin><rdommax>100</rdommax><attrunit>Percentage</attrunit><attrmres>0.1</attrmres></rdom></attrdomv></attr></detailed><overview><eaover>Attributes defined by USGS and ESRI.Class     Red	        Green	        Blue0       0.000000000     0.000000000     0.0000000001       0.000000000     1.000000000     0.00000000011       0.325490196     0.462745098     0.66274509812       0.854901961     0.913725490     1.00000000021       0.913725490     0.819607843     0.81568627522       0.890196078     0.615686275     0.54509803923       0.976470588     0.000000000     0.00000000024       0.705882353     0.000000000     0.00000000031       0.741176471     0.725490196     0.67058823532       1.000000000     1.000000000     1.00000000041       0.443137255     0.701960784     0.41960784342       0.137254902     0.423529412     0.23137254943       0.752941176     0.827450980     0.60784313751       0.694117647     0.588235294     0.23529411852       0.835294118     0.764705882     0.53333333371       0.925490196     0.925490196     0.79607843172       0.823529412     0.823529412     0.50588235373       0.635294118     0.796078431     0.32156862774       0.513725490     0.725490196     0.61960784381       0.901960784     0.882352941     0.28235294182       0.709803922     0.486274510     0.20000000090       0.760784314     0.878431373     0.94901960895       0.486274510     0.674509804     0.772549020</eaover><eadetcit>Attribute accuracy is described, where present, with each attribute defined in the Entity and Attribute Section.  Note: To ensure all areas of mapping zone 65 are completely covered, a 3,000 meter (100 Landsat pixels) buffer was added to the boundary of mapping zone 65.</eadetcit></overview></eainfo><distinfo><distrib><cntinfo><cntorgp><cntorg>U.S. Geological Survey</cntorg></cntorgp><cntpos>Customer Service Representative</cntpos><cntaddr><addrtype>mailing and physical address</addrtype><address>USGS/EROS</address><address>47914 252nd Street</address><city>Sioux Falls</city><state>SD</state><postal>57198-0001</postal><country>USA</country></cntaddr><cntvoice>605/594-6151</cntvoice><cnttdd>605/594-6933</cnttdd><cntfax>605/594-6589</cntfax><cntemail>custserv@usgs.gov</cntemail><hours>0800 - 1600 CT, M - F (-6h CST/-5h CDT GMT)</hours><cntinst>The USGS point of contact is for questions relating to the data display and download from this web site.  Questions about the NLCD mapping zone 65 can be directed to the NLCD 2001 land cover mapping team at the USGS/EROS, Sioux Falls, SD (605) 594-6151 or mrlc@usgs.gov.</cntinst></cntinfo></distrib><resdesc>Downloadable data</resdesc><distliab>Although these data have been processed successfully on a computer system at the USGS, no warranty expressed or implied is made by the USGS regarding the use of the data on any other system, nor does the act of distribution constitute any such warranty.  Data may have been compiled from various outside sources.  Spatial information may not meet National Map Accuracy Standards.  This information may be updated without notification. The USGS shall not be liable for any activity involving these data, installation, fitness of the data for a particular purpose, its use, or analyses results.</distliab><stdorder><digform><digtinfo><formname>Arc/Info Export Format and/or ArcView Shapefile</formname><formvern>ArcGIS 9.0</formvern><formspec>ASCII</formspec><transize>0.001</transize></digtinfo><digtopt><onlinopt><computer><networka><networkr>http://seamless.usgs.gov</networkr></networka></computer><accinstr>The URL http://seamless.usgs.gov provides a map interface that allows for data downloads within a customer defined area of interest.  Zoom tools are available that can be used to investigate areas of interest on the map interface.  The download tool allows the customer to capture layers from the map, utilizing the Seamless Data Distribution System process for downloading.  A request summary page is then generated with the download layers listed.  By clicking the "download" button on the summary page, a zipped file will be generated that can be saved on the customer's computer.  The file can then be unzipped and imported into various user software applications.</accinstr><oncomp>Not available for dissemination</oncomp></onlinopt></digtopt></digform><fees>None</fees><ordering>Contact Customer Services</ordering><turnarnd>Variable</turnarnd></stdorder><custom>Contact Customer Services Representative</custom><techpreq>ESRI ArcMap Suite and/or Arc/Info software, and supporting operating systems.</techpreq></distinfo><metainfo><metd>20061116</metd><metc><cntinfo><cntorgp><cntorg>U.S. Geological Survey</cntorg></cntorgp><cntpos>Customer Services Representative</cntpos><cntaddr><addrtype>mailing and physical address</addrtype><address>USGS/EROS</address><address>47914 252nd Street</address><city>Sioux Falls</city><state>SD</state><postal>57198-0001</postal><country>USA</country></cntaddr><cntvoice>605/594-6151</cntvoice><cnttdd>605/594-6933</cnttdd><cntfax>605/594-6589</cntfax><cntemail>custserv@usgs.gov</cntemail><hours>0800 - 1600 CT, M - F (-6h CST/-5h CDT GMT)</hours></cntinfo></metc><metstdn>FGDC Content Standards for Digital Geospatial Metadata</metstdn><metstdv>FGDC-STD-001-1998</metstdv><mettc>local time</mettc><metac>None</metac><metuc>None</metuc><metsi><metscs>None</metscs><metsc>None</metsc><metshd>None</metshd></metsi><metextns><onlink>http://www.esri.com/metadata/esriprof80.html</onlink><metprof>ESRI Metadata Profile</metprof></metextns></metainfo></metadata>